case,scenario,seq,cmd,payload,expected
0,VALID,0,04,BB91433A,0
1,BAD_CRC,1,01,00000002,1
2,BAD_CMD,2,99,5E503A67,3
3,BAD_LEN,3,02,00452EC4,4
4,BAD_VERSION,4,04,29645F8B,3
5,DUP_SEQ,0,03,00001FCF,2
6,VALID,5,7F,6ED4E94B,0
7,BAD_CRC,6,03,00008FE4,1
8,BAD_CMD,7,99,00000000,3
9,BAD_LEN,8,02,009C9CEA,4
10,BAD_VERSION,9,02,005ADAD1,3
11,DUP_SEQ,5,06,00000000,2
12,VALID,10,06,00000000,0
13,BAD_CRC,11,01,00000003,1
14,BAD_CMD,12,99,00000000,3
15,BAD_LEN,13,05,00000000,4
16,BAD_VERSION,14,02,0034A9AF,3
17,DUP_SEQ,10,06,00000000,2
18,VALID,15,01,00000001,0
19,BAD_CRC,16,7F,57708107,1
20,BAD_CMD,17,99,00000605,3
21,BAD_LEN,18,04,56EAA301,4
22,BAD_VERSION,19,05,00000000,3
23,DUP_SEQ,15,06,00000000,2
24,VALID,20,06,00000000,0
25,BAD_CRC,21,04,00E266D0,1
26,BAD_CMD,22,99,00000001,3
27,BAD_LEN,23,7F,94820A06,4
28,BAD_VERSION,24,03,00001978,3
29,DUP_SEQ,20,06,00000000,2
30,VALID,25,04,1B1BCF72,0
31,BAD_CRC,26,06,00000000,1
32,BAD_CMD,27,99,00000000,3
33,BAD_LEN,28,02,00BC90A6,4
34,BAD_VERSION,29,02,00F5CDB9,3
35,DUP_SEQ,25,05,00000000,2
36,VALID,30,05,00000000,0
37,BAD_CRC,31,06,00000000,1
38,BAD_CMD,32,99,5473DA68,3
39,BAD_LEN,33,7F,0A4DE3E4,4
40,BAD_VERSION,34,01,00000003,3
41,DUP_SEQ,30,02,00BCB8A0,2
42,VALID,35,7F,C18C6DA1,0
43,BAD_CRC,36,05,00000000,1
44,BAD_CMD,37,99,00000000,3
45,BAD_LEN,38,02,0041FAD2,4
46,BAD_VERSION,39,04,84AB5616,3
47,DUP_SEQ,35,02,000AA250,2
48,VALID,40,02,004D23BE,0
49,BAD_CRC,41,7F,D50B612B,1
50,BAD_CMD,42,99,00000001,3
51,BAD_LEN,43,02,005987BA,4
52,BAD_VERSION,44,03,0000282F,3
53,DUP_SEQ,40,04,52E1FBB0,2
54,VALID,45,01,00000000,0
55,BAD_CRC,46,01,00000003,1
56,BAD_CMD,47,99,00000003,3
57,BAD_LEN,48,7F,EBAA7701,4
58,BAD_VERSION,49,7F,02FF5F56,3
59,DUP_SEQ,45,7F,B65B9045,2
60,VALID,50,03,00003721,0
61,BAD_CRC,51,06,00000000,1
62,BAD_CMD,52,99,00000000,3
63,BAD_LEN,53,7F,1F1AF1FA,4
64,BAD_VERSION,54,05,00000000,3
65,DUP_SEQ,50,01,00000000,2
66,VALID,55,06,00000000,0
67,BAD_CRC,56,04,53650FC7,1
68,BAD_CMD,57,99,9C2ECC16,3
69,BAD_LEN,58,04,EC2FC96A,4
70,BAD_VERSION,59,05,00000000,3
71,DUP_SEQ,55,02,005D41EB,2
72,VALID,60,7F,A9B04E95,0
73,BAD_CRC,61,06,00000000,1
74,BAD_CMD,62,99,00000001,3
75,BAD_LEN,63,01,00000003,4
76,BAD_VERSION,64,03,00003B0B,3
77,DUP_SEQ,60,02,0029DDF4,2
78,VALID,65,02,0049CDBE,0
79,BAD_CRC,66,02,008980BB,1
80,BAD_CMD,67,99,00000000,3
81,BAD_LEN,68,02,0000D0BA,4
82,BAD_VERSION,69,04,E2CCE77B,3
83,DUP_SEQ,65,02,00D5D3CE,2
84,VALID,70,05,00000000,0
85,BAD_CRC,71,7F,D9C1AA99,1
86,BAD_CMD,72,99,00000002,3
87,BAD_LEN,73,05,00000000,4
88,BAD_VERSION,74,04,10ED0260,3
89,DUP_SEQ,70,7F,C05F69AF,2
90,VALID,75,04,6AAE0B74,0
91,BAD_CRC,76,02,003E46CC,1
92,BAD_CMD,77,99,0006FB8A,3
93,BAD_LEN,78,03,00005499,4
94,BAD_VERSION,79,04,2D87BAB8,3
95,DUP_SEQ,75,02,0092573B,2
96,VALID,80,06,00000000,0
97,BAD_CRC,81,7F,84AD1903,1
98,BAD_CMD,82,99,00F5CE60,3
99,BAD_LEN,83,04,836170C2,4
100,BAD_VERSION,84,04,5330D7C5,3
101,DUP_SEQ,80,01,00000000,2
102,VALID,85,06,00000000,0
103,BAD_CRC,86,04,BE5A4452,1
104,BAD_CMD,87,99,00A0CE08,3
105,BAD_LEN,88,05,00000000,4
106,BAD_VERSION,89,02,00BFC843,3
107,DUP_SEQ,85,02,0087ED24,2
108,VALID,90,02,00548DC2,0
109,BAD_CRC,91,05,00000000,1
110,BAD_CMD,92,99,00002017,3
111,BAD_LEN,93,05,00000000,4
112,BAD_VERSION,94,06,00000000,3
113,DUP_SEQ,90,7F,ABC67790,2
114,VALID,95,7F,0F27E5E8,0
115,BAD_CRC,96,03,0000C6F7,1
116,BAD_CMD,97,99,0B4634E6,3
117,BAD_LEN,98,03,0000CC9A,4
118,BAD_VERSION,99,05,00000000,3
119,DUP_SEQ,95,05,00000000,2
120,VALID,100,01,00000000,0
121,BAD_CRC,101,02,005F0819,1
122,BAD_CMD,102,99,00000000,3
123,BAD_LEN,103,06,00000000,4
124,BAD_VERSION,104,03,0000BF09,3
125,DUP_SEQ,100,04,AF973C3D,2
126,VALID,105,03,000066DB,0
127,BAD_CRC,106,03,000072FC,1
128,BAD_CMD,107,99,00000000,3
129,BAD_LEN,108,03,00004FD5,4
130,BAD_VERSION,109,04,7AFBD9BE,3
131,DUP_SEQ,105,01,00000002,2
132,VALID,110,04,0783A82E,0
133,BAD_CRC,111,02,0058569A,1
134,BAD_CMD,112,99,00EBC622,3
135,BAD_LEN,113,01,00000000,4
136,BAD_VERSION,114,01,00000001,3
137,DUP_SEQ,110,7F,659E23C2,2
138,VALID,115,04,2E8CC39E,0
139,BAD_CRC,116,03,00005960,1
140,BAD_CMD,117,99,00E6C0BC,3
141,BAD_LEN,118,03,0000B9B3,4
142,BAD_VERSION,119,7F,63663481,3
143,DUP_SEQ,115,01,00000002,2
144,VALID,120,03,0000C8BE,0
145,BAD_CRC,121,7F,0A5B0380,1
146,BAD_CMD,122,99,3091A72B,3
147,BAD_LEN,123,02,0014F491,4
148,BAD_VERSION,124,7F,4E779665,3
149,DUP_SEQ,120,02,00553481,2
150,VALID,125,04,336E875C,0
151,BAD_CRC,126,01,00000001,1
152,BAD_CMD,127,99,00000000,3
153,BAD_LEN,128,7F,FF45DDFF,4
154,BAD_VERSION,129,04,51C0D297,3
155,DUP_SEQ,125,7F,0A72AA2D,2
156,VALID,130,02,0019806F,0
157,BAD_CRC,131,04,2605125C,1
158,BAD_CMD,132,99,00000000,3
159,BAD_LEN,133,02,004257F1,4
160,BAD_VERSION,134,05,00000000,3
161,DUP_SEQ,130,03,0000288B,2
162,VALID,135,06,00000000,0
163,BAD_CRC,136,03,000009BB,1
164,BAD_CMD,137,99,DF176B4F,3
165,BAD_LEN,138,01,00000000,4
166,BAD_VERSION,139,02,008CAA59,3
167,DUP_SEQ,135,05,00000000,2
168,VALID,140,06,00000000,0
169,BAD_CRC,141,04,FB105A95,1
170,BAD_CMD,142,99,00000000,3
171,BAD_LEN,143,01,00000001,4
172,BAD_VERSION,144,05,00000000,3
173,DUP_SEQ,140,03,0000968C,2
174,VALID,145,7F,C81D4CD4,0
175,BAD_CRC,146,02,00751D0D,1
176,BAD_CMD,147,99,708A8D14,3
177,BAD_LEN,148,01,00000002,4
178,BAD_VERSION,149,01,00000003,3
179,DUP_SEQ,145,03,0000AC95,2
180,VALID,150,7F,8A7901DC,0
181,BAD_CRC,151,06,00000000,1
182,BAD_CMD,152,99,00000000,3
183,BAD_LEN,153,01,00000002,4
184,BAD_VERSION,154,04,0BB58D76,3
185,DUP_SEQ,150,03,0000502F,2
186,VALID,155,04,CCF6AEC9,0
187,BAD_CRC,156,03,0000201E,1
188,BAD_CMD,157,99,90BC0EA2,3
189,BAD_LEN,158,05,00000000,4
190,BAD_VERSION,159,05,00000000,3
191,DUP_SEQ,155,01,00000003,2
192,VALID,160,01,00000000,0
193,BAD_CRC,161,05,00000000,1
194,BAD_CMD,162,99,000883BD,3
195,BAD_LEN,163,01,00000002,4
196,BAD_VERSION,164,02,00866B46,3
197,DUP_SEQ,160,01,00000003,2
198,VALID,165,04,7816BE63,0
199,BAD_CRC,166,01,00000003,1
200,BAD_CMD,167,99,00E72C9F,3
201,BAD_LEN,168,02,00545B90,4
202,BAD_VERSION,169,7F,29815FDA,3
203,DUP_SEQ,165,04,96903191,2
204,VALID,170,05,00000000,0
205,BAD_CRC,171,02,00FFCF61,1
206,BAD_CMD,172,99,00000000,3
207,BAD_LEN,173,04,EC81ACF1,4
208,BAD_VERSION,174,02,008DBEE3,3
209,DUP_SEQ,170,05,00000000,2
210,VALID,175,05,00000000,0
211,BAD_CRC,176,06,00000000,1
212,BAD_CMD,177,99,0028CDD5,3
213,BAD_LEN,178,06,00000000,4
214,BAD_VERSION,179,04,D96AD6E5,3
215,DUP_SEQ,175,7F,03B31836,2
216,VALID,180,06,00000000,0
217,BAD_CRC,181,02,0012BE10,1
218,BAD_CMD,182,99,E65325F3,3
219,BAD_LEN,183,7F,11DB117A,4
220,BAD_VERSION,184,7F,1F4FB4DA,3
221,DUP_SEQ,180,01,00000002,2
222,VALID,185,05,00000000,0
223,BAD_CRC,186,02,0036ADDE,1
224,BAD_CMD,187,99,000039AE,3
225,BAD_LEN,188,04,5EC0533A,4
226,BAD_VERSION,189,06,00000000,3
227,DUP_SEQ,185,04,A9C54447,2
228,VALID,190,04,8FEBD89D,0
229,BAD_CRC,191,02,00A692BE,1
230,BAD_CMD,192,99,DD710D12,3
231,BAD_LEN,193,7F,E9F8FCE2,4
232,BAD_VERSION,194,01,00000000,3
233,DUP_SEQ,190,05,00000000,2
234,VALID,195,05,00000000,0
235,BAD_CRC,196,06,00000000,1
236,BAD_CMD,197,99,00003D24,3
237,BAD_LEN,198,04,7E436521,4
238,BAD_VERSION,199,01,00000003,3
239,DUP_SEQ,195,04,1C6C5239,2
240,VALID,200,03,00003FCC,0
241,BAD_CRC,201,04,4DC094BF,1
242,BAD_CMD,202,99,90F23CCC,3
243,BAD_LEN,203,01,00000001,4
244,BAD_VERSION,204,06,00000000,3
245,DUP_SEQ,200,05,00000000,2
246,VALID,205,04,4321068E,0
247,BAD_CRC,206,05,00000000,1
248,BAD_CMD,207,99,00000000,3
249,BAD_LEN,208,7F,CC488391,4
250,BAD_VERSION,209,06,00000000,3
251,DUP_SEQ,205,01,00000002,2
252,VALID,210,01,00000003,0
253,BAD_CRC,211,03,0000B19E,1
254,BAD_CMD,212,99,00000000,3
255,BAD_LEN,213,02,00CA55C9,4
256,BAD_VERSION,214,03,00000733,3
257,DUP_SEQ,210,06,00000000,2
258,VALID,215,04,5DF551BB,0
259,BAD_CRC,216,02,00EFA998,1
260,BAD_CMD,217,99,00000000,3
261,BAD_LEN,218,03,00003AFE,4
262,BAD_VERSION,219,7F,343B335B,3
263,DUP_SEQ,215,03,0000EB14,2
264,VALID,220,05,00000000,0
265,BAD_CRC,221,01,00000000,1
266,BAD_CMD,222,99,00903F13,3
267,BAD_LEN,223,05,00000000,4
268,BAD_VERSION,224,7F,2220718F,3
269,DUP_SEQ,220,03,00003693,2
270,VALID,225,02,00D66D12,0
271,BAD_CRC,226,05,00000000,1
272,BAD_CMD,227,99,00000000,3
273,BAD_LEN,228,03,0000829C,4
274,BAD_VERSION,229,01,00000001,3
275,DUP_SEQ,225,04,64B0BCA6,2
276,VALID,230,06,00000000,0
277,BAD_CRC,231,05,00000000,1
278,BAD_CMD,232,99,CA7D2BEF,3
279,BAD_LEN,233,06,00000000,4
280,BAD_VERSION,234,06,00000000,3
281,DUP_SEQ,230,06,00000000,2
282,VALID,235,7F,70AE3C94,0
283,BAD_CRC,236,05,00000000,1
284,BAD_CMD,237,99,00000000,3
285,BAD_LEN,238,03,00008087,4
286,BAD_VERSION,239,05,00000000,3
287,DUP_SEQ,235,01,00000003,2
288,VALID,240,7F,B3B2CBCD,0
289,BAD_CRC,241,04,EAB59D63,1
290,BAD_CMD,242,99,00000000,3
291,BAD_LEN,243,02,00E63AD7,4
292,BAD_VERSION,244,01,00000000,3
293,DUP_SEQ,240,06,00000000,2
294,VALID,245,7F,1E8624C2,0
295,BAD_CRC,246,03,0000A9D9,1
296,BAD_CMD,247,99,0000E34E,3
297,BAD_LEN,248,04,BB613F0C,4
298,BAD_VERSION,249,04,17BB14E0,3
299,DUP_SEQ,245,04,B03A0928,2
300,VALID,250,06,00000000,0
301,BAD_CRC,251,01,00000003,1
302,BAD_CMD,252,99,00FD8271,3
303,BAD_LEN,253,05,00000000,4
304,BAD_VERSION,254,7F,75771499,3
305,DUP_SEQ,250,02,00A07F34,2
306,VALID,255,01,00000002,0
307,BAD_CRC,0,02,00D770C3,1
308,BAD_CMD,1,99,00000000,3
309,BAD_LEN,2,03,0000E9CF,4
310,BAD_VERSION,3,04,290FF88E,3
311,DUP_SEQ,255,03,0000528F,2
312,VALID,4,06,00000000,0
313,BAD_CRC,5,05,00000000,1
314,BAD_CMD,6,99,00006E0E,3
315,BAD_LEN,7,01,00000002,4
316,BAD_VERSION,8,06,00000000,3
317,DUP_SEQ,4,05,00000000,2
318,VALID,9,7F,75326AEA,0
319,BAD_CRC,10,01,00000002,1
320,BAD_CMD,11,99,00000000,3
321,BAD_LEN,12,04,7F7122AE,4
322,BAD_VERSION,13,05,00000000,3
323,DUP_SEQ,9,7F,C3DC81C4,2
324,VALID,14,03,0000DD21,0
325,BAD_CRC,15,06,00000000,1
326,BAD_CMD,16,99,915AD20E,3
327,BAD_LEN,17,7F,E66DB8A4,4
328,BAD_VERSION,18,7F,8C27824A,3
329,DUP_SEQ,14,02,007FB7B1,2
330,VALID,19,04,B12217A1,0
331,BAD_CRC,20,01,00000003,1
332,BAD_CMD,21,99,5E1AE444,3
333,BAD_LEN,22,02,0068D201,4
334,BAD_VERSION,23,04,39B59FC4,3
335,DUP_SEQ,19,05,00000000,2
336,VALID,24,05,00000000,0
337,BAD_CRC,25,03,00007DD8,1
338,BAD_CMD,26,99,0000D3CB,3
339,BAD_LEN,27,05,00000000,4
340,BAD_VERSION,28,04,51D3EEDF,3
341,DUP_SEQ,24,01,00000001,2
342,VALID,29,02,0088A929,0
343,BAD_CRC,30,01,00000000,1
344,BAD_CMD,31,99,6311A309,3
345,BAD_LEN,32,02,005ED9AB,4
346,BAD_VERSION,33,02,00A8B96D,3
347,DUP_SEQ,29,02,00004B23,2
348,VALID,34,01,00000002,0
349,BAD_CRC,35,03,00009671,1
350,BAD_CMD,36,99,00A7059D,3
351,BAD_LEN,37,05,00000000,4
352,BAD_VERSION,38,03,0000F30B,3
353,DUP_SEQ,34,05,00000000,2
354,VALID,39,05,00000000,0
355,BAD_CRC,40,03,000058C2,1
356,BAD_CMD,41,99,00006446,3
357,BAD_LEN,42,01,00000000,4
358,BAD_VERSION,43,04,70B49936,3
359,DUP_SEQ,39,06,00000000,2
360,VALID,44,03,00003C55,0
361,BAD_CRC,45,03,00001974,1
362,BAD_CMD,46,99,00AF5877,3
363,BAD_LEN,47,03,0000AC16,4
364,BAD_VERSION,48,05,00000000,3
365,DUP_SEQ,44,02,00241552,2
366,VALID,49,05,00000000,0
367,BAD_CRC,50,02,00B38253,1
368,BAD_CMD,51,99,00003603,3
369,BAD_LEN,52,7F,41556875,4
370,BAD_VERSION,53,03,00000C12,3
371,DUP_SEQ,49,01,00000001,2
372,VALID,54,7F,BDBADED4,0
373,BAD_CRC,55,02,00B6328A,1
374,BAD_CMD,56,99,00000001,3
375,BAD_LEN,57,01,00000000,4
376,BAD_VERSION,58,04,6CA3CCA1,3
377,DUP_SEQ,54,05,00000000,2
378,VALID,59,04,064F911E,0
379,BAD_CRC,60,02,00F4620A,1
380,BAD_CMD,61,99,00AC3C9F,3
381,BAD_LEN,62,05,00000000,4
382,BAD_VERSION,63,02,007DEF67,3
383,DUP_SEQ,59,7F,1AD0D2E8,2
384,VALID,64,03,0000BF6E,0
385,BAD_CRC,65,01,00000001,1
386,BAD_CMD,66,99,00000000,3
387,BAD_LEN,67,7F,D9C63BB0,4
388,BAD_VERSION,68,02,00EEE19F,3
389,DUP_SEQ,64,03,00005791,2
390,VALID,69,02,004B66D6,0
391,BAD_CRC,70,02,008AA02A,1
392,BAD_CMD,71,99,000067E0,3
393,BAD_LEN,72,01,00000002,4
394,BAD_VERSION,73,03,000078F7,3
395,DUP_SEQ,69,05,00000000,2
396,VALID,74,02,008EBA5D,0
397,BAD_CRC,75,06,00000000,1
398,BAD_CMD,76,99,0062786D,3
399,BAD_LEN,77,01,00000003,4
400,BAD_VERSION,78,03,000022E7,3
401,DUP_SEQ,74,7F,AF047C91,2
402,VALID,79,02,008E351C,0
403,BAD_CRC,80,06,00000000,1
404,BAD_CMD,81,99,00000000,3
405,BAD_LEN,82,03,0000EFD8,4
406,BAD_VERSION,83,03,00004A31,3
407,DUP_SEQ,79,06,00000000,2
408,VALID,84,01,00000002,0
409,BAD_CRC,85,06,00000000,1
410,BAD_CMD,86,99,8D9738DF,3
411,BAD_LEN,87,02,0060708C,4
412,BAD_VERSION,88,01,00000001,3
413,DUP_SEQ,84,04,CD98D2B3,2
414,VALID,89,05,00000000,0
415,BAD_CRC,90,02,001333AF,1
416,BAD_CMD,91,99,00000000,3
417,BAD_LEN,92,7F,962E6366,4
418,BAD_VERSION,93,7F,1B989716,3
419,DUP_SEQ,89,04,26EECCCB,2
420,VALID,94,7F,B8161C0D,0
421,BAD_CRC,95,01,00000003,1
422,BAD_CMD,96,99,00000000,3
423,BAD_LEN,97,01,00000003,4
424,BAD_VERSION,98,03,000021E1,3
425,DUP_SEQ,94,05,00000000,2
426,VALID,99,05,00000000,0
427,BAD_CRC,100,02,00CE4C78,1
428,BAD_CMD,101,99,00000000,3
429,BAD_LEN,102,02,00A31755,4
430,BAD_VERSION,103,04,25B4E6EE,3
431,DUP_SEQ,99,03,00003E71,2
432,VALID,104,7F,1EA6B1DB,0
433,BAD_CRC,105,06,00000000,1
434,BAD_CMD,106,99,0000A9E2,3
435,BAD_LEN,107,04,8EE73AC7,4
436,BAD_VERSION,108,7F,BD72FBFA,3
437,DUP_SEQ,104,05,00000000,2
438,VALID,109,7F,436A0355,0
439,BAD_CRC,110,02,005FA057,1
440,BAD_CMD,111,99,4F4B07FA,3
441,BAD_LEN,112,01,00000002,4
442,BAD_VERSION,113,06,00000000,3
443,DUP_SEQ,109,06,00000000,2
444,VALID,114,05,00000000,0
445,BAD_CRC,115,04,736E8D9C,1
446,BAD_CMD,116,99,7C4253F8,3
447,BAD_LEN,117,01,00000003,4
448,BAD_VERSION,118,02,00967B36,3
449,DUP_SEQ,114,01,00000002,2
450,VALID,119,02,0081D9FF,0
451,BAD_CRC,120,02,00FFD181,1
452,BAD_CMD,121,99,00E9B9C1,3
453,BAD_LEN,122,7F,13B7CFE9,4
454,BAD_VERSION,123,7F,9531A7DB,3
455,DUP_SEQ,119,7F,DCC2B419,2
456,VALID,124,7F,8DFDC5A9,0
457,BAD_CRC,125,02,002D6C37,1
458,BAD_CMD,126,99,002CE49E,3
459,BAD_LEN,127,06,00000000,4
460,BAD_VERSION,128,7F,E16A1C6C,3
461,DUP_SEQ,124,01,00000001,2
462,VALID,129,01,00000000,0
463,BAD_CRC,130,03,00001F3D,1
464,BAD_CMD,131,99,887A682A,3
465,BAD_LEN,132,03,0000F4F1,4
466,BAD_VERSION,133,7F,03522956,3
467,DUP_SEQ,129,04,9BBF7879,2
468,VALID,134,05,00000000,0
469,BAD_CRC,135,02,0056A517,1
470,BAD_CMD,136,99,00000000,3
471,BAD_LEN,137,01,00000000,4
472,BAD_VERSION,138,06,00000000,3
473,DUP_SEQ,134,04,198BCA4C,2
474,VALID,139,03,00007191,0
475,BAD_CRC,140,01,00000000,1
476,BAD_CMD,141,99,F3B347BB,3
477,BAD_LEN,142,02,007380D7,4
478,BAD_VERSION,143,04,BD62F04E,3
479,DUP_SEQ,139,06,00000000,2
480,VALID,144,02,00A23486,0
481,BAD_CRC,145,7F,8606921B,1
482,BAD_CMD,146,99,DA4DC647,3
483,BAD_LEN,147,02,00692B6A,4
484,BAD_VERSION,148,02,006EBCED,3
485,DUP_SEQ,144,06,00000000,2
486,VALID,149,7F,5B6FB089,0
487,BAD_CRC,150,06,00000000,1
488,BAD_CMD,151,99,0063E36C,3
489,BAD_LEN,152,01,00000003,4
490,BAD_VERSION,153,01,00000003,3
491,DUP_SEQ,149,7F,E53CD52D,2
492,VALID,154,03,00001EAA,0
493,BAD_CRC,155,05,00000000,1
494,BAD_CMD,156,99,0000136F,3
495,BAD_LEN,157,05,00000000,4
496,BAD_VERSION,158,01,00000000,3
497,DUP_SEQ,154,04,A7DD0EC7,2
498,VALID,159,03,0000FC5D,0
499,BAD_CRC,160,05,00000000,1
500,BAD_CMD,161,99,A615B313,3
501,BAD_LEN,162,02,003D6C0F,4
502,BAD_VERSION,163,03,00006D75,3
503,DUP_SEQ,159,01,00000001,2
504,VALID,164,01,00000001,0
505,BAD_CRC,165,04,3BC8F4D6,1
506,BAD_CMD,166,99,00000001,3
507,BAD_LEN,167,06,00000000,4
508,BAD_VERSION,168,06,00000000,3
509,DUP_SEQ,164,01,00000001,2
510,VALID,169,05,00000000,0
511,BAD_CRC,170,04,6BBA14C3,1
512,BAD_CMD,171,99,00000000,3
513,BAD_LEN,172,03,00009043,4
514,BAD_VERSION,173,04,45D19134,3
515,DUP_SEQ,169,04,0DCDF9A0,2
516,VALID,174,02,00A7F502,0
517,BAD_CRC,175,06,00000000,1
518,BAD_CMD,176,99,00000000,3
519,BAD_LEN,177,01,00000002,4
520,BAD_VERSION,178,01,00000002,3
521,DUP_SEQ,174,7F,0C80F81F,2
522,VALID,179,04,A972377B,0
523,BAD_CRC,180,05,00000000,1
524,BAD_CMD,181,99,A7E22DC4,3
525,BAD_LEN,182,01,00000003,4
526,BAD_VERSION,183,7F,21A71880,3
527,DUP_SEQ,179,01,00000000,2
528,VALID,184,02,00CFBB2E,0
529,BAD_CRC,185,02,0070541D,1
530,BAD_CMD,186,99,00000000,3
531,BAD_LEN,187,04,0705ECC9,4
532,BAD_VERSION,188,7F,6977C12C,3
533,DUP_SEQ,184,03,0000D5A0,2
534,VALID,189,03,000069CC,0
535,BAD_CRC,190,05,00000000,1
536,BAD_CMD,191,99,00000000,3
537,BAD_LEN,192,04,4398C5C0,4
538,BAD_VERSION,193,03,00006C8A,3
539,DUP_SEQ,189,01,00000001,2
540,VALID,194,7F,3FA4AFA8,0
541,BAD_CRC,195,04,7B604A7B,1
542,BAD_CMD,196,99,00000000,3
543,BAD_LEN,197,7F,92797BC1,4
544,BAD_VERSION,198,01,00000002,3
545,DUP_SEQ,194,03,00008B38,2
546,VALID,199,03,0000CE2B,0
547,BAD_CRC,200,7F,7B8CB68D,1
548,BAD_CMD,201,99,0000FC55,3
549,BAD_LEN,202,05,00000000,4
550,BAD_VERSION,203,03,0000B0D5,3
551,DUP_SEQ,199,7F,88167112,2
552,VALID,204,03,0000B13F,0
553,BAD_CRC,205,02,0056B68D,1
554,BAD_CMD,206,99,00000000,3
555,BAD_LEN,207,04,DBB6F76B,4
556,BAD_VERSION,208,04,CA35B618,3
557,DUP_SEQ,204,04,BB62F10C,2
558,VALID,209,06,00000000,0
559,BAD_CRC,210,05,00000000,1
560,BAD_CMD,211,99,006D54E3,3
561,BAD_LEN,212,02,00AFA622,4
562,BAD_VERSION,213,02,00D150CC,3
563,DUP_SEQ,209,03,00007596,2
564,VALID,214,03,00006F8C,0
565,BAD_CRC,215,7F,68283E7D,1
566,BAD_CMD,216,99,00000000,3
567,BAD_LEN,217,01,00000000,4
568,BAD_VERSION,218,03,0000BAF2,3
569,DUP_SEQ,214,06,00000000,2
570,VALID,219,04,D8E9107C,0
571,BAD_CRC,220,7F,05C1C267,1
572,BAD_CMD,221,99,AA91ACFC,3
573,BAD_LEN,222,02,00AA846F,4
574,BAD_VERSION,223,02,005F8C44,3
575,DUP_SEQ,219,05,00000000,2
576,VALID,224,7F,A0AA965B,0
577,BAD_CRC,225,01,00000001,1
578,BAD_CMD,226,99,06A151CD,3
579,BAD_LEN,227,03,0000AD9F,4
580,BAD_VERSION,228,05,00000000,3
581,DUP_SEQ,224,06,00000000,2
582,VALID,229,02,00336613,0
583,BAD_CRC,230,06,00000000,1
584,BAD_CMD,231,99,54D71130,3
585,BAD_LEN,232,03,0000D553,4
586,BAD_VERSION,233,04,D03E6C91,3
587,DUP_SEQ,229,02,00CB4B5A,2
588,VALID,234,02,00EE5F94,0
589,BAD_CRC,235,04,E27E124E,1
590,BAD_CMD,236,99,009AFD80,3
591,BAD_LEN,237,02,003A8ED2,4
592,BAD_VERSION,238,05,00000000,3
593,DUP_SEQ,234,7F,3B55C13C,2
594,VALID,239,7F,D9E0681A,0
595,BAD_CRC,240,04,BC8092DE,1
596,BAD_CMD,241,99,00C18BA2,3
597,BAD_LEN,242,01,00000003,4
598,BAD_VERSION,243,02,00775ED7,3
599,DUP_SEQ,239,05,00000000,2
600,VALID,244,06,00000000,0
601,BAD_CRC,245,03,00009D3D,1
602,BAD_CMD,246,99,005278E1,3
603,BAD_LEN,247,01,00000000,4
604,BAD_VERSION,248,02,00DEEAD6,3
605,DUP_SEQ,244,01,00000000,2
606,VALID,249,03,0000986C,0
607,BAD_CRC,250,04,94200242,1
608,BAD_CMD,251,99,0000C6B6,3
609,BAD_LEN,252,06,00000000,4
610,BAD_VERSION,253,03,000035F7,3
611,DUP_SEQ,249,04,160214BA,2
612,VALID,254,04,329930A6,0
613,BAD_CRC,255,04,350DD951,1
614,BAD_CMD,0,99,00000001,3
615,BAD_LEN,1,06,00000000,4
616,BAD_VERSION,2,05,00000000,3
617,DUP_SEQ,254,03,00001C94,2
618,VALID,3,7F,F9752AB7,0
619,BAD_CRC,4,01,00000002,1
620,BAD_CMD,5,99,00573425,3
621,BAD_LEN,6,7F,38EF0942,4
622,BAD_VERSION,7,7F,9109CF35,3
623,DUP_SEQ,3,7F,7A62EB07,2
624,VALID,8,7F,07870684,0
625,BAD_CRC,9,03,00004733,1
626,BAD_CMD,10,99,5524F714,3
627,BAD_LEN,11,7F,0017B014,4
628,BAD_VERSION,12,03,0000DDB9,3
629,DUP_SEQ,8,06,00000000,2
630,VALID,13,7F,81859134,0
631,BAD_CRC,14,06,00000000,1
632,BAD_CMD,15,99,00000000,3
633,BAD_LEN,16,01,00000002,4
634,BAD_VERSION,17,06,00000000,3
635,DUP_SEQ,13,7F,3E31D47F,2
636,VALID,18,01,00000000,0
637,BAD_CRC,19,06,00000000,1
638,BAD_CMD,20,99,00000000,3
639,BAD_LEN,21,02,00C4B1D7,4
640,BAD_VERSION,22,03,0000BA6C,3
641,DUP_SEQ,18,03,000072DD,2
642,VALID,23,04,0833DE21,0
643,BAD_CRC,24,01,00000000,1
644,BAD_CMD,25,99,00000000,3
645,BAD_LEN,26,05,00000000,4
646,BAD_VERSION,27,7F,521F7012,3
647,DUP_SEQ,23,02,009793A7,2
648,VALID,28,04,CD8B849C,0
649,BAD_CRC,29,03,0000846F,1
650,BAD_CMD,30,99,040D9C89,3
651,BAD_LEN,31,05,00000000,4
652,BAD_VERSION,32,05,00000000,3
653,DUP_SEQ,28,7F,3370D614,2
654,VALID,33,05,00000000,0
655,BAD_CRC,34,06,00000000,1
656,BAD_CMD,35,99,00002311,3
657,BAD_LEN,36,02,006BA274,4
658,BAD_VERSION,37,7F,FEBBF21F,3
659,DUP_SEQ,33,06,00000000,2
660,VALID,38,02,00C057DD,0
661,BAD_CRC,39,7F,77FF5A31,1
662,BAD_CMD,40,99,00002A19,3
663,BAD_LEN,41,04,E5798CB8,4
664,BAD_VERSION,42,7F,F9247991,3
665,DUP_SEQ,38,02,005BC3FB,2
666,VALID,43,02,00726D33,0
667,BAD_CRC,44,7F,B6793D24,1
668,BAD_CMD,45,99,BABB060E,3
669,BAD_LEN,46,04,BAE27ED8,4
670,BAD_VERSION,47,7F,4D48AEB5,3
671,DUP_SEQ,43,02,006E036C,2
672,VALID,48,01,00000001,0
673,BAD_CRC,49,04,DB17FD4B,1
674,BAD_CMD,50,99,008ACBEA,3
675,BAD_LEN,51,05,00000000,4
676,BAD_VERSION,52,05,00000000,3
677,DUP_SEQ,48,01,00000002,2
678,VALID,53,06,00000000,0
679,BAD_CRC,54,03,00007C1B,1
680,BAD_CMD,55,99,00000002,3
681,BAD_LEN,56,04,41D79D43,4
682,BAD_VERSION,57,01,00000002,3
683,DUP_SEQ,53,03,0000DC41,2
684,VALID,58,7F,372C9673,0
685,BAD_CRC,59,05,00000000,1
686,BAD_CMD,60,99,00000000,3
687,BAD_LEN,61,01,00000000,4
688,BAD_VERSION,62,06,00000000,3
689,DUP_SEQ,58,03,00002268,2
690,VALID,63,02,002F500F,0
691,BAD_CRC,64,06,00000000,1
692,BAD_CMD,65,99,00006710,3
693,BAD_LEN,66,05,00000000,4
694,BAD_VERSION,67,06,00000000,3
695,DUP_SEQ,63,01,00000003,2
696,VALID,68,7F,97D69E40,0
697,BAD_CRC,69,01,00000002,1
698,BAD_CMD,70,99,FFF2B8C7,3
699,BAD_LEN,71,06,00000000,4
700,BAD_VERSION,72,05,00000000,3
701,DUP_SEQ,68,05,00000000,2
702,VALID,73,7F,6BAA9A7E,0
703,BAD_CRC,74,01,00000000,1
704,BAD_CMD,75,99,B4A4E34E,3
705,BAD_LEN,76,05,00000000,4
706,BAD_VERSION,77,01,00000001,3
707,DUP_SEQ,73,03,00000E94,2
708,VALID,78,02,003FA7D6,0
709,BAD_CRC,79,05,00000000,1
710,BAD_CMD,80,99,B1E9D4D3,3
711,BAD_LEN,81,06,00000000,4
712,BAD_VERSION,82,05,00000000,3
713,DUP_SEQ,78,06,00000000,2
714,VALID,83,02,00A782B4,0
715,BAD_CRC,84,06,00000000,1
716,BAD_CMD,85,99,00000000,3
717,BAD_LEN,86,01,00000003,4
718,BAD_VERSION,87,06,00000000,3
719,DUP_SEQ,83,03,0000D615,2
720,VALID,88,06,00000000,0
721,BAD_CRC,89,7F,610F97BD,1
722,BAD_CMD,90,99,00000000,3
723,BAD_LEN,91,03,0000ACF5,4
724,BAD_VERSION,92,01,00000000,3
725,DUP_SEQ,88,03,0000514F,2
726,VALID,93,04,19AC4ECE,0
727,BAD_CRC,94,03,0000006F,1
728,BAD_CMD,95,99,0046DE9F,3
729,BAD_LEN,96,03,0000BFD2,4
730,BAD_VERSION,97,01,00000002,3
731,DUP_SEQ,93,03,0000EF7F,2
732,VALID,98,06,00000000,0
733,BAD_CRC,99,01,00000003,1
734,BAD_CMD,100,99,EF7E0AC4,3
735,BAD_LEN,101,06,00000000,4
736,BAD_VERSION,102,7F,7BFF99C7,3
737,DUP_SEQ,98,01,00000000,2
738,VALID,103,01,00000000,0
739,BAD_CRC,104,04,C12BFF5B,1
740,BAD_CMD,105,99,0000D691,3
741,BAD_LEN,106,01,00000002,4
742,BAD_VERSION,107,04,17C8EA7D,3
743,DUP_SEQ,103,05,00000000,2
744,VALID,108,03,00006AA7,0
745,BAD_CRC,109,01,00000002,1
746,BAD_CMD,110,99,00000000,3
747,BAD_LEN,111,06,00000000,4
748,BAD_VERSION,112,01,00000002,3
749,DUP_SEQ,108,01,00000001,2
750,VALID,113,04,889B20B9,0
751,BAD_CRC,114,06,00000000,1
752,BAD_CMD,115,99,00000002,3
753,BAD_LEN,116,05,00000000,4
754,BAD_VERSION,117,7F,F75111A7,3
755,DUP_SEQ,113,03,0000CA2A,2
756,VALID,118,06,00000000,0
757,BAD_CRC,119,03,000001FD,1
758,BAD_CMD,120,99,CE481F6F,3
759,BAD_LEN,121,02,000C8C02,4
760,BAD_VERSION,122,7F,49D498D1,3
761,DUP_SEQ,118,06,00000000,2
762,VALID,123,02,009B3870,0
763,BAD_CRC,124,7F,BBB46DA1,1
764,BAD_CMD,125,99,00000000,3
765,BAD_LEN,126,01,00000000,4
766,BAD_VERSION,127,02,00858A4B,3
767,DUP_SEQ,123,03,0000D826,2
768,VALID,128,06,00000000,0
769,BAD_CRC,129,04,02C9CBA5,1
770,BAD_CMD,130,99,CFC0F921,3
771,BAD_LEN,131,05,00000000,4
772,BAD_VERSION,132,7F,D916B2A8,3
773,DUP_SEQ,128,7F,632108DF,2
774,VALID,133,7F,E38F9FCC,0
775,BAD_CRC,134,03,000012E2,1
776,BAD_CMD,135,99,00000000,3
777,BAD_LEN,136,01,00000000,4
778,BAD_VERSION,137,7F,26AABB9D,3
779,DUP_SEQ,133,01,00000001,2
780,VALID,138,02,00A51B2B,0
781,BAD_CRC,139,02,00C2A248,1
782,BAD_CMD,140,99,0000A791,3
783,BAD_LEN,141,03,000012F1,4
784,BAD_VERSION,142,01,00000003,3
785,DUP_SEQ,138,03,0000E831,2
786,VALID,143,01,00000003,0
787,BAD_CRC,144,02,00434612,1
788,BAD_CMD,145,99,00000000,3
789,BAD_LEN,146,04,A69AB1E9,4
790,BAD_VERSION,147,7F,3503BC7A,3
791,DUP_SEQ,143,04,1F977141,2
792,VALID,148,02,00EB2094,0
793,BAD_CRC,149,7F,6C90D0F3,1
794,BAD_CMD,150,99,719CA25F,3
795,BAD_LEN,151,05,00000000,4
796,BAD_VERSION,152,04,3E95219D,3
797,DUP_SEQ,148,04,DCA89456,2
798,VALID,153,03,0000CD70,0
799,BAD_CRC,154,05,00000000,1
800,BAD_CMD,155,99,0000C228,3
801,BAD_LEN,156,06,00000000,4
802,BAD_VERSION,157,04,6AF0C24C,3
803,DUP_SEQ,153,05,00000000,2
804,VALID,158,06,00000000,0
805,BAD_CRC,159,01,00000000,1
806,BAD_CMD,160,99,54EF811B,3
807,BAD_LEN,161,7F,1D73A315,4
808,BAD_VERSION,162,7F,46DE7D17,3
809,DUP_SEQ,158,05,00000000,2
810,VALID,163,03,0000A68C,0
811,BAD_CRC,164,02,008155CC,1
812,BAD_CMD,165,99,A9485AE7,3
813,BAD_LEN,166,06,00000000,4
814,BAD_VERSION,167,7F,7437A327,3
815,DUP_SEQ,163,06,00000000,2
816,VALID,168,03,0000F044,0
817,BAD_CRC,169,01,00000003,1
818,BAD_CMD,170,99,000041C1,3
819,BAD_LEN,171,7F,684CAC8C,4
820,BAD_VERSION,172,05,00000000,3
821,DUP_SEQ,168,05,00000000,2
822,VALID,173,05,00000000,0
823,BAD_CRC,174,03,000062C9,1
824,BAD_CMD,175,99,000028C0,3
825,BAD_LEN,176,03,0000F648,4
826,BAD_VERSION,177,02,003D5B13,3
827,DUP_SEQ,173,02,00DAA8DA,2
828,VALID,178,7F,5D5D8690,0
829,BAD_CRC,179,7F,1E077821,1
830,BAD_CMD,180,99,000030A7,3
831,BAD_LEN,181,02,00693188,4
832,BAD_VERSION,182,02,00EEB737,3
833,DUP_SEQ,178,03,0000C9C2,2
834,VALID,183,01,00000003,0
835,BAD_CRC,184,06,00000000,1
836,BAD_CMD,185,99,00000000,3
837,BAD_LEN,186,03,0000D9A4,4
838,BAD_VERSION,187,01,00000000,3
839,DUP_SEQ,183,04,AC878CE4,2
840,VALID,188,06,00000000,0
841,BAD_CRC,189,7F,F936C174,1
842,BAD_CMD,190,99,15B935DE,3
843,BAD_LEN,191,02,00D9AB07,4
844,BAD_VERSION,192,05,00000000,3
845,DUP_SEQ,188,02,00A9C7FE,2
846,VALID,193,7F,BAE59810,0
847,BAD_CRC,194,06,00000000,1
848,BAD_CMD,195,99,00000000,3
849,BAD_LEN,196,03,00003885,4
850,BAD_VERSION,197,7F,205649C3,3
851,DUP_SEQ,193,05,00000000,2
852,VALID,198,04,DFF20253,0
853,BAD_CRC,199,02,00C1C4BA,1
854,BAD_CMD,200,99,00000002,3
855,BAD_LEN,201,01,00000000,4
856,BAD_VERSION,202,02,00CF92B8,3
857,DUP_SEQ,198,05,00000000,2
858,VALID,203,02,00FAFA22,0
859,BAD_CRC,204,7F,0D562268,1
860,BAD_CMD,205,99,00000001,3
861,BAD_LEN,206,03,0000BFBA,4
862,BAD_VERSION,207,06,00000000,3
863,DUP_SEQ,203,05,00000000,2
864,VALID,208,03,0000D0DD,0
865,BAD_CRC,209,01,00000000,1
866,BAD_CMD,210,99,00000002,3
867,BAD_LEN,211,04,21D897B1,4
868,BAD_VERSION,212,03,0000DCBC,3
869,DUP_SEQ,208,04,6D3C5F9D,2
870,VALID,213,7F,414C8290,0
871,BAD_CRC,214,04,284ADE7B,1
872,BAD_CMD,215,99,00F2DDD7,3
873,BAD_LEN,216,7F,161C25B4,4
874,BAD_VERSION,217,04,8BC50B6E,3
875,DUP_SEQ,213,04,E5FBB9E5,2
876,VALID,218,03,000067BE,0
877,BAD_CRC,219,06,00000000,1
878,BAD_CMD,220,99,E3A55181,3
879,BAD_LEN,221,01,00000000,4
880,BAD_VERSION,222,03,00009F29,3
881,DUP_SEQ,218,03,0000F28F,2
882,VALID,223,03,00000201,0
883,BAD_CRC,224,02,0069B20E,1
884,BAD_CMD,225,99,6FF8C4CD,3
885,BAD_LEN,226,7F,6A53497A,4
886,BAD_VERSION,227,01,00000000,3
887,DUP_SEQ,223,7F,A3E2BFF2,2
888,VALID,228,03,000089ED,0
889,BAD_CRC,229,04,7DFB836B,1
890,BAD_CMD,230,99,78B9B5AD,3
891,BAD_LEN,231,02,003A834D,4
892,BAD_VERSION,232,7F,4447F8B3,3
893,DUP_SEQ,228,05,00000000,2
894,VALID,233,04,8B50BE0C,0
895,BAD_CRC,234,06,00000000,1
896,BAD_CMD,235,99,00000000,3
897,BAD_LEN,236,03,00001870,4
898,BAD_VERSION,237,06,00000000,3
899,DUP_SEQ,233,04,A9841730,2
900,VALID,238,01,00000002,0
901,BAD_CRC,239,7F,C4DF892C,1
902,BAD_CMD,240,99,91D37B0C,3
903,BAD_LEN,241,7F,1C906A4F,4
904,BAD_VERSION,242,7F,EA543B7C,3
905,DUP_SEQ,238,7F,27AECB19,2
906,VALID,243,06,00000000,0
907,BAD_CRC,244,04,FA05428F,1
908,BAD_CMD,245,99,00000000,3
909,BAD_LEN,246,01,00000002,4
910,BAD_VERSION,247,02,00F92421,3
911,DUP_SEQ,243,03,0000244B,2
912,VALID,248,01,00000000,0
913,BAD_CRC,249,03,00004385,1
914,BAD_CMD,250,99,006C2797,3
915,BAD_LEN,251,06,00000000,4
916,BAD_VERSION,252,7F,EA0B1D45,3
917,DUP_SEQ,248,05,00000000,2
918,VALID,253,06,00000000,0
919,BAD_CRC,254,01,00000002,1
920,BAD_CMD,255,99,00009042,3
921,BAD_LEN,0,02,00B88C03,4
922,BAD_VERSION,1,03,00008D27,3
923,DUP_SEQ,253,04,251035FA,2
924,VALID,2,03,00008301,0
925,BAD_CRC,3,7F,8E0F9192,1
926,BAD_CMD,4,99,00000000,3
927,BAD_LEN,5,7F,5F8D6FD4,4
928,BAD_VERSION,6,06,00000000,3
929,DUP_SEQ,2,05,00000000,2
930,VALID,7,05,00000000,0
931,BAD_CRC,8,01,00000003,1
932,BAD_CMD,9,99,00000000,3
933,BAD_LEN,10,05,00000000,4
934,BAD_VERSION,11,02,00A0B78E,3
935,DUP_SEQ,7,03,0000C8CB,2
936,VALID,12,04,BE648705,0
937,BAD_CRC,13,03,0000F082,1
938,BAD_CMD,14,99,0000E460,3
939,BAD_LEN,15,03,00001618,4
940,BAD_VERSION,16,04,F4D9952F,3
941,DUP_SEQ,12,02,003B0832,2
942,VALID,17,02,0040E77E,0
943,BAD_CRC,18,01,00000001,1
944,BAD_CMD,19,99,00007100,3
945,BAD_LEN,20,06,00000000,4
946,BAD_VERSION,21,04,88053F55,3
947,DUP_SEQ,17,01,00000000,2
948,VALID,22,02,00112101,0
949,BAD_CRC,23,05,00000000,1
950,BAD_CMD,24,99,9CA4645F,3
951,BAD_LEN,25,05,00000000,4
952,BAD_VERSION,26,03,00007161,3
953,DUP_SEQ,22,05,00000000,2
954,VALID,27,01,00000001,0
955,BAD_CRC,28,04,0C36A4D4,1
956,BAD_CMD,29,99,00000000,3
957,BAD_LEN,30,02,00CA0358,4
958,BAD_VERSION,31,01,00000003,3
959,DUP_SEQ,27,01,00000002,2
960,VALID,32,03,00001FE4,0
961,BAD_CRC,33,03,0000AA10,1
962,BAD_CMD,34,99,00000001,3
963,BAD_LEN,35,7F,0961FD04,4
964,BAD_VERSION,36,7F,837ABC50,3
965,DUP_SEQ,32,7F,D90EBC92,2
966,VALID,37,7F,62D23522,0
967,BAD_CRC,38,7F,AF045245,1
968,BAD_CMD,39,99,F29ADEBB,3
969,BAD_LEN,40,7F,CEBD2682,4
970,BAD_VERSION,41,7F,2BFEA539,3
971,DUP_SEQ,37,01,00000000,2
972,VALID,42,05,00000000,0
973,BAD_CRC,43,05,00000000,1
974,BAD_CMD,44,99,A7FA477F,3
975,BAD_LEN,45,01,00000003,4
976,BAD_VERSION,46,7F,E8CBA589,3
977,DUP_SEQ,42,05,00000000,2
978,VALID,47,03,0000EE26,0
979,BAD_CRC,48,7F,C1833945,1
980,BAD_CMD,49,99,00000000,3
981,BAD_LEN,50,02,00C8F334,4
982,BAD_VERSION,51,06,00000000,3
983,DUP_SEQ,47,01,00000003,2
984,VALID,52,7F,BF59289E,0
985,BAD_CRC,53,03,000067FC,1
986,BAD_CMD,54,99,00000003,3
987,BAD_LEN,55,06,00000000,4
988,BAD_VERSION,56,01,00000002,3
989,DUP_SEQ,52,02,00A9DB6A,2
990,VALID,57,03,00001545,0
991,BAD_CRC,58,02,00B9E730,1
992,BAD_CMD,59,99,DDBD2CF0,3
993,BAD_LEN,60,02,0014A4C5,4
994,BAD_VERSION,61,04,F367078C,3
995,DUP_SEQ,57,03,0000D739,2
996,VALID,62,03,000077FB,0
997,BAD_CRC,63,05,00000000,1
998,BAD_CMD,64,99,FAAF2270,3
999,BAD_LEN,65,03,00005CD2,4
